{
  "version": 2,
  "name": "deliveryhub-saas",
  "builds": [
    {
      "src": "frontend/package.json",
      "use": "@vercel/static-build",
      "config": {
        "distDir": "dist"
      }
    },
    {
      "src": "backend/src/server.js",
      "use": "@vercel/node"
    }
  ],
  "routes": [
    {
      "src": "/api/(.*)",
      "dest": "/backend/src/server.js"
    },
    {
      "src": "/(.*)",
      "dest": "/frontend/$1"
    }
  ],
  "env": {
    "NODE_ENV": "production"
  },
  "functions": {
    "backend/src/server.js": {
      "maxDuration": 30
    }
  }
}